"Uncontrolled data used in path expression","Accessing paths influenced by users can allow an attacker to access unexpected resources.","error","This path depends on a [[""user-provided value""|""relative:///java-sec-code-master/src/main/java/org/joychou/controller/FileUpload.java:51:36:51:75""]].
This path depends on a [[""user-provided value""|""relative:///java-sec-code-master/src/main/java/org/joychou/controller/FileUpload.java:62:53:62:78""]].","/java-sec-code-master/src/main/java/org/joychou/controller/FileUpload.java","63","25","63","28"
"Uncontrolled data used in path expression","Accessing paths influenced by users can allow an attacker to access unexpected resources.","error","This path depends on a [[""user-provided value""|""relative:///java-sec-code-master/src/main/java/org/joychou/controller/FileUpload.java:84:33:84:77""]].
This path depends on a [[""user-provided value""|""relative:///java-sec-code-master/src/main/java/org/joychou/controller/FileUpload.java:144:53:144:83""]].","/java-sec-code-master/src/main/java/org/joychou/controller/FileUpload.java","145","25","145","28"
"Uncontrolled data used in path expression","Accessing paths influenced by users can allow an attacker to access unexpected resources.","error","This path depends on a [[""user-provided value""|""relative:///java-sec-code-master/src/main/java/org/joychou/controller/FileUpload.java:84:33:84:77""]].
This path depends on a [[""user-provided value""|""relative:///java-sec-code-master/src/main/java/org/joychou/controller/FileUpload.java:89:27:89:57""]].
This path depends on a [[""user-provided value""|""relative:///java-sec-code-master/src/main/java/org/joychou/controller/FileUpload.java:175:27:175:57""]].","/java-sec-code-master/src/main/java/org/joychou/controller/FileUpload.java","159","32","159","38"
"Uncontrolled data used in path expression","Accessing paths influenced by users can allow an attacker to access unexpected resources.","error","This path depends on a [[""user-provided value""|""relative:///java-sec-code-master/src/main/java/org/joychou/controller/FileUpload.java:84:33:84:77""]].
This path depends on a [[""user-provided value""|""relative:///java-sec-code-master/src/main/java/org/joychou/controller/FileUpload.java:175:27:175:57""]].","/java-sec-code-master/src/main/java/org/joychou/controller/FileUpload.java","181","23","181","30"
"Uncontrolled data used in path expression","Accessing paths influenced by users can allow an attacker to access unexpected resources.","error","This path depends on a [[""user-provided value""|""relative:///java-sec-code-master/src/main/java/org/joychou/controller/FileUpload.java:84:33:84:77""]].
This path depends on a [[""user-provided value""|""relative:///java-sec-code-master/src/main/java/org/joychou/controller/FileUpload.java:175:27:175:57""]].","/java-sec-code-master/src/main/java/org/joychou/controller/FileUpload.java","185","53","185","60"
"Uncontrolled data used in path expression","Accessing paths influenced by users can allow an attacker to access unexpected resources.","error","This path depends on a [[""user-provided value""|""relative:///java-sec-code-master/src/main/java/org/joychou/controller/PathTraversal.java:25:28:25:42""]].
This path depends on a [[""user-provided value""|""relative:///java-sec-code-master/src/main/java/org/joychou/controller/PathTraversal.java:30:31:30:45""]].","/java-sec-code-master/src/main/java/org/joychou/controller/PathTraversal.java","44","13","44","13"
"Uncontrolled data used in path expression","Accessing paths influenced by users can allow an attacker to access unexpected resources.","error","This path depends on a [[""user-provided value""|""relative:///java-sec-code-master/src/main/java/org/joychou/controller/PathTraversal.java:25:28:25:42""]].
This path depends on a [[""user-provided value""|""relative:///java-sec-code-master/src/main/java/org/joychou/controller/PathTraversal.java:30:31:30:45""]].","/java-sec-code-master/src/main/java/org/joychou/controller/PathTraversal.java","45","46","45","63"
"Uncontrolled command line","Using externally controlled strings in a command line is vulnerable to malicious changes in the strings.","error","This command line depends on a [[""user-provided value""|""relative:///java-sec-code-master/src/main/java/org/joychou/config/TomcatFilterMemShell.java:81:20:81:54""]].","/java-sec-code-master/src/main/java/org/joychou/config/TomcatFilterMemShell.java","82","57","82","59"
"Uncontrolled command line","Using externally controlled strings in a command line is vulnerable to malicious changes in the strings.","error","This command line depends on a [[""user-provided value""|""relative:///java-sec-code-master/src/main/java/org/joychou/controller/CommandInject.java:25:30:25:44""]].","/java-sec-code-master/src/main/java/org/joychou/controller/CommandInject.java","28","53","28","59"
"Uncontrolled command line","Using externally controlled strings in a command line is vulnerable to malicious changes in the strings.","error","This command line depends on a [[""user-provided value""|""relative:///java-sec-code-master/src/main/java/org/joychou/controller/CommandInject.java:42:23:42:47""]].","/java-sec-code-master/src/main/java/org/joychou/controller/CommandInject.java","45","53","45","59"
"Uncontrolled command line","Using externally controlled strings in a command line is vulnerable to malicious changes in the strings.","error","This command line depends on a [[""user-provided value""|""relative:///java-sec-code-master/src/main/java/org/joychou/controller/CommandInject.java:52:33:52:47""]].","/java-sec-code-master/src/main/java/org/joychou/controller/CommandInject.java","58","53","58","59"
"Uncontrolled command line","Using externally controlled strings in a command line is vulnerable to malicious changes in the strings.","error","This command line depends on a [[""user-provided value""|""relative:///java-sec-code-master/src/main/java/org/joychou/controller/Rce.java:31:31:31:40""]].","/java-sec-code-master/src/main/java/org/joychou/controller/Rce.java","36","34","36","36"
"Uncontrolled command line","Using externally controlled strings in a command line is vulnerable to malicious changes in the strings.","error","This command line depends on a [[""user-provided value""|""relative:///java-sec-code-master/src/main/java/org/joychou/controller/Rce.java:63:34:63:43""]].","/java-sec-code-master/src/main/java/org/joychou/controller/Rce.java","69","64","69","69"
"Cross-site scripting","Writing user input directly to a web page allows for a cross-site scripting vulnerability.","error","Cross-site scripting vulnerability due to a [[""user-provided value""|""relative:///java-sec-code-master/src/main/java/org/joychou/util/WebUtils.java:26:40:26:56""]].","/java-sec-code-master/src/main/java/org/joychou/controller/Cookies.java","28","16","28","37"
"Cross-site scripting","Writing user input directly to a web page allows for a cross-site scripting vulnerability.","error","Cross-site scripting vulnerability due to a [[""user-provided value""|""relative:///java-sec-code-master/src/main/java/org/joychou/controller/Cookies.java:38:20:38:50""]].","/java-sec-code-master/src/main/java/org/joychou/controller/Cookies.java","41","16","41","37"
"Cross-site scripting","Writing user input directly to a web page allows for a cross-site scripting vulnerability.","error","Cross-site scripting vulnerability due to a [[""user-provided value""|""relative:///java-sec-code-master/src/main/java/org/joychou/controller/Cookies.java:53:28:53:44""]].","/java-sec-code-master/src/main/java/org/joychou/controller/Cookies.java","57","16","57","37"
"Cross-site scripting","Writing user input directly to a web page allows for a cross-site scripting vulnerability.","error","Cross-site scripting vulnerability due to a [[""user-provided value""|""relative:///java-sec-code-master/src/main/java/org/joychou/controller/Cookies.java:68:28:68:44""]].","/java-sec-code-master/src/main/java/org/joychou/controller/Cookies.java","72","16","72","37"
"Cross-site scripting","Writing user input directly to a web page allows for a cross-site scripting vulnerability.","error","Cross-site scripting vulnerability due to a [[""user-provided value""|""relative:///java-sec-code-master/src/main/java/org/joychou/controller/Cookies.java:77:26:77:57""]].","/java-sec-code-master/src/main/java/org/joychou/controller/Cookies.java","78","16","78","37"
"Cross-site scripting","Writing user input directly to a web page allows for a cross-site scripting vulnerability.","error","Cross-site scripting vulnerability due to a [[""user-provided value""|""relative:///java-sec-code-master/src/main/java/org/joychou/controller/Cookies.java:83:26:83:65""]].","/java-sec-code-master/src/main/java/org/joychou/controller/Cookies.java","84","16","84","37"
"Cross-site scripting","Writing user input directly to a web page allows for a cross-site scripting vulnerability.","error","Cross-site scripting vulnerability due to a [[""user-provided value""|""relative:///java-sec-code-master/src/main/java/org/joychou/controller/FileUpload.java:84:33:84:77""]].
Cross-site scripting vulnerability due to a [[""user-provided value""|""relative:///java-sec-code-master/src/main/java/org/joychou/controller/FileUpload.java:89:27:89:57""]].","/java-sec-code-master/src/main/java/org/joychou/controller/FileUpload.java","154","16","154","72"
"Cross-site scripting","Writing user input directly to a web page allows for a cross-site scripting vulnerability.","error","Cross-site scripting vulnerability due to a [[""user-provided value""|""relative:///java-sec-code-master/src/main/java/org/joychou/controller/IPForge.java:34:21:34:50""]].","/java-sec-code-master/src/main/java/org/joychou/controller/IPForge.java","36","20","36","21"
"Cross-site scripting","Writing user input directly to a web page allows for a cross-site scripting vulnerability.","error","Cross-site scripting vulnerability due to a [[""user-provided value""|""relative:///java-sec-code-master/src/main/java/org/joychou/controller/Log4j.java:19:25:19:36""]].","/java-sec-code-master/src/main/java/org/joychou/controller/Log4j.java","21","16","21","20"
"Cross-site scripting","Writing user input directly to a web page allows for a cross-site scripting vulnerability.","error","Cross-site scripting vulnerability due to a [[""user-provided value""|""relative:///java-sec-code-master/src/main/java/org/joychou/util/HttpUtils.java:96:74:96:103""]].","/java-sec-code-master/src/main/java/org/joychou/controller/SSRF.java","46","16","46","43"
"Cross-site scripting","Writing user input directly to a web page allows for a cross-site scripting vulnerability.","error","Cross-site scripting vulnerability due to a [[""user-provided value""|""relative:///java-sec-code-master/src/main/java/org/joychou/util/HttpUtils.java:96:74:96:103""]].","/java-sec-code-master/src/main/java/org/joychou/controller/SSRF.java","60","20","60","47"
"Cross-site scripting","Writing user input directly to a web page allows for a cross-site scripting vulnerability.","error","Cross-site scripting vulnerability due to a [[""user-provided value""|""relative:///java-sec-code-master/src/main/java/org/joychou/util/HttpUtils.java:123:30:123:50""]].","/java-sec-code-master/src/main/java/org/joychou/controller/SSRF.java","78","20","78","51"
"Cross-site scripting","Writing user input directly to a web page allows for a cross-site scripting vulnerability.","error","Cross-site scripting vulnerability due to a [[""user-provided value""|""relative:///java-sec-code-master/src/main/java/org/joychou/util/HttpUtils.java:123:30:123:50""]].","/java-sec-code-master/src/main/java/org/joychou/controller/SSRF.java","89","16","89","47"
"Cross-site scripting","Writing user input directly to a web page allows for a cross-site scripting vulnerability.","error","Cross-site scripting vulnerability due to a [[""user-provided value""|""relative:///java-sec-code-master/src/main/java/org/joychou/util/HttpUtils.java:77:74:77:110""]].","/java-sec-code-master/src/main/java/org/joychou/controller/SSRF.java","192","20","192","44"
"Cross-site scripting","Writing user input directly to a web page allows for a cross-site scripting vulnerability.","error","Cross-site scripting vulnerability due to a [[""user-provided value""|""relative:///java-sec-code-master/src/main/java/org/joychou/impl/HttpServiceImpl.java:41:37:41:112""]].","/java-sec-code-master/src/main/java/org/joychou/controller/SSRF.java","281","16","281","64"
"Cross-site scripting","Writing user input directly to a web page allows for a cross-site scripting vulnerability.","error","Cross-site scripting vulnerability due to a [[""user-provided value""|""relative:///java-sec-code-master/src/main/java/org/joychou/impl/HttpServiceImpl.java:30:37:30:100""]].","/java-sec-code-master/src/main/java/org/joychou/controller/SSRF.java","289","16","289","52"
"Cross-site scripting","Writing user input directly to a web page allows for a cross-site scripting vulnerability.","error","Cross-site scripting vulnerability due to a [[""user-provided value""|""relative:///java-sec-code-master/src/main/java/org/joychou/controller/URLWhiteList.java:126:23:126:53""]].","/java-sec-code-master/src/main/java/org/joychou/controller/URLWhiteList.java","138","24","138","26"
"Cross-site scripting","Writing user input directly to a web page allows for a cross-site scripting vulnerability.","error","Cross-site scripting vulnerability due to a [[""user-provided value""|""relative:///java-sec-code-master/src/main/java/org/joychou/controller/URLWhiteList.java:126:23:126:53""]].","/java-sec-code-master/src/main/java/org/joychou/controller/URLWhiteList.java","140","24","140","26"
"Cross-site scripting","Writing user input directly to a web page allows for a cross-site scripting vulnerability.","error","Cross-site scripting vulnerability due to a [[""user-provided value""|""relative:///java-sec-code-master/src/main/java/org/joychou/controller/WebSockets.java:32:23:32:46""]].","/java-sec-code-master/src/main/java/org/joychou/controller/WebSockets.java","43","24","43","70"
"Cross-site scripting","Writing user input directly to a web page allows for a cross-site scripting vulnerability.","error","Cross-site scripting vulnerability due to a [[""user-provided value""|""relative:///java-sec-code-master/src/main/java/org/joychou/controller/WebSockets.java:32:23:32:46""]].","/java-sec-code-master/src/main/java/org/joychou/controller/WebSockets.java","46","24","46","71"
"Cross-site scripting","Writing user input directly to a web page allows for a cross-site scripting vulnerability.","error","Cross-site scripting vulnerability due to a [[""user-provided value""|""relative:///java-sec-code-master/src/main/java/org/joychou/controller/WebSockets.java:55:23:55:46""]].","/java-sec-code-master/src/main/java/org/joychou/controller/WebSockets.java","66","24","66","70"
"Cross-site scripting","Writing user input directly to a web page allows for a cross-site scripting vulnerability.","error","Cross-site scripting vulnerability due to a [[""user-provided value""|""relative:///java-sec-code-master/src/main/java/org/joychou/controller/WebSockets.java:55:23:55:46""]].","/java-sec-code-master/src/main/java/org/joychou/controller/WebSockets.java","69","24","69","71"
"Cross-site scripting","Writing user input directly to a web page allows for a cross-site scripting vulnerability.","error","Cross-site scripting vulnerability due to a [[""user-provided value""|""relative:///java-sec-code-master/src/main/java/org/joychou/controller/XSS.java:29:34:29:43""]].","/java-sec-code-master/src/main/java/org/joychou/controller/XSS.java","30","16","30","18"
"Cross-site scripting","Writing user input directly to a web page allows for a cross-site scripting vulnerability.","error","Cross-site scripting vulnerability due to a [[""user-provided value""|""relative:///java-sec-code-master/src/main/java/org/joychou/controller/XSS.java:57:24:57:53""]].","/java-sec-code-master/src/main/java/org/joychou/controller/XSS.java","58","16","58","18"
"Cross-site scripting","Writing user input directly to a web page allows for a cross-site scripting vulnerability.","error","Cross-site scripting vulnerability due to a [[""user-provided value""|""relative:///java-sec-code-master/src/main/java/org/joychou/controller/XSS.java:67:31:67:40""]].","/java-sec-code-master/src/main/java/org/joychou/controller/XSS.java","68","16","68","26"
"Query built from user-controlled sources","Building a SQL or Java Persistence query from user-controlled sources is vulnerable to insertion of malicious code by the user.","error","This query depends on a [[""user-provided value""|""relative:///java-sec-code-master/src/main/java/org/joychou/controller/SQLI.java:52:33:52:73""]].","/java-sec-code-master/src/main/java/org/joychou/controller/SQLI.java","67","51","67","53"
"Query built from user-controlled sources","Building a SQL or Java Persistence query from user-controlled sources is vulnerable to insertion of malicious code by the user.","error","This query depends on a [[""user-provided value""|""relative:///java-sec-code-master/src/main/java/org/joychou/controller/SQLI.java:139:32:139:72""]].","/java-sec-code-master/src/main/java/org/joychou/controller/SQLI.java","150","57","150","59"
"Groovy Language injection","Evaluation of a user-controlled Groovy script may lead to arbitrary code execution.","error","Groovy script depends on a [[""user-provided value""|""relative:///java-sec-code-master/src/main/java/org/joychou/controller/Rce.java:127:29:127:42""]].","/java-sec-code-master/src/main/java/org/joychou/controller/Rce.java","129","30","129","36"
"Expression language injection (Spring)","Evaluation of a user-controlled Spring Expression Language (SpEL) expression may lead to remote code execution.","error","SpEL expression depends on a [[""user-provided value""|""relative:///java-sec-code-master/src/main/java/org/joychou/controller/SpEL.java:25:30:25:41""]].","/java-sec-code-master/src/main/java/org/joychou/controller/SpEL.java","27","16","27","44"
"Expression language injection (Spring)","Evaluation of a user-controlled Spring Expression Language (SpEL) expression may lead to remote code execution.","error","SpEL expression depends on a [[""user-provided value""|""relative:///java-sec-code-master/src/main/java/org/joychou/controller/SpEL.java:36:30:36:41""]].","/java-sec-code-master/src/main/java/org/joychou/controller/SpEL.java","40","20","40","29"
"Server-side template injection","Untrusted input interpreted as a template can lead to remote code execution.","error","Template, which may contain code, depends on a [[""user-provided value""|""relative:///java-sec-code-master/src/main/java/org/joychou/controller/SSTI.java:27:26:27:40""]].","/java-sec-code-master/src/main/java/org/joychou/controller/SSTI.java","37","51","37","58"
"HTTP response splitting","Writing user input directly to an HTTP header makes code vulnerable to attack by header splitting.","error","This header depends on a [[""user-provided value""|""relative:///java-sec-code-master/src/main/java/org/joychou/controller/CRLFInjection.java:23:37:23:65""]], which may cause a response-splitting vulnerability.","/java-sec-code-master/src/main/java/org/joychou/controller/CRLFInjection.java","23","37","23","65"
"HTTP response splitting","Writing user input directly to an HTTP header makes code vulnerable to attack by header splitting.","error","This header depends on a [[""user-provided value""|""relative:///java-sec-code-master/src/main/java/org/joychou/controller/CRLFInjection.java:24:37:24:65""]], which may cause a response-splitting vulnerability.","/java-sec-code-master/src/main/java/org/joychou/controller/CRLFInjection.java","24","37","24","65"
"HTTP response splitting","Writing user input directly to an HTTP header makes code vulnerable to attack by header splitting.","error","This header depends on a [[""user-provided value""|""relative:///java-sec-code-master/src/main/java/org/joychou/controller/CRLFInjection.java:25:25:25:53""]], which may cause a response-splitting vulnerability.","/java-sec-code-master/src/main/java/org/joychou/controller/CRLFInjection.java","27","28","27","33"
"HTTP response splitting","Writing user input directly to an HTTP header makes code vulnerable to attack by header splitting.","error","This header depends on a [[""user-provided value""|""relative:///java-sec-code-master/src/main/java/org/joychou/controller/SSRF.java:119:28:119:51""]], which may cause a response-splitting vulnerability.","/java-sec-code-master/src/main/java/org/joychou/controller/SSRF.java","125","55","125","98"
"HTTP response splitting","Writing user input directly to an HTTP header makes code vulnerable to attack by header splitting.","error","This header depends on a [[""user-provided value""|""relative:///java-sec-code-master/src/main/java/org/joychou/controller/URLRedirect.java:43:22:43:48""]], which may cause a response-splitting vulnerability.","/java-sec-code-master/src/main/java/org/joychou/controller/URLRedirect.java","45","40","45","42"
"HTTP response splitting","Writing user input directly to an HTTP header makes code vulnerable to attack by header splitting.","error","This header depends on a [[""user-provided value""|""relative:///java-sec-code-master/src/main/java/org/joychou/controller/XSS.java:42:25:42:34""]], which may cause a response-splitting vulnerability.","/java-sec-code-master/src/main/java/org/joychou/controller/XSS.java","44","28","44","33"
"Information exposure through a stack trace","Information from a stack trace propagates to an external user. Stack traces can unintentionally reveal implementation details that are useful to an attacker for developing a subsequent exploit.","error","[[""Error information""|""relative:///java-sec-code-master/src/main/java/org/joychou/util/HttpUtils.java:107:20:107:33""]] can be exposed to an external user.","/java-sec-code-master/src/main/java/org/joychou/controller/SSRF.java","46","16","46","43"
"Information exposure through a stack trace","Information from a stack trace propagates to an external user. Stack traces can unintentionally reveal implementation details that are useful to an attacker for developing a subsequent exploit.","error","[[""Error information""|""relative:///java-sec-code-master/src/main/java/org/joychou/util/HttpUtils.java:107:20:107:33""]] can be exposed to an external user.","/java-sec-code-master/src/main/java/org/joychou/controller/SSRF.java","60","20","60","47"
"Information exposure through a stack trace","Information from a stack trace propagates to an external user. Stack traces can unintentionally reveal implementation details that are useful to an attacker for developing a subsequent exploit.","error","[[""Error information""|""relative:///java-sec-code-master/src/main/java/org/joychou/controller/SSRF.java:62:20:62:33""]] can be exposed to an external user.","/java-sec-code-master/src/main/java/org/joychou/controller/SSRF.java","62","20","62","33"
"Information exposure through a stack trace","Information from a stack trace propagates to an external user. Stack traces can unintentionally reveal implementation details that are useful to an attacker for developing a subsequent exploit.","error","[[""Error information""|""relative:///java-sec-code-master/src/main/java/org/joychou/util/HttpUtils.java:135:20:135:33""]] can be exposed to an external user.","/java-sec-code-master/src/main/java/org/joychou/controller/SSRF.java","78","20","78","51"
"Information exposure through a stack trace","Information from a stack trace propagates to an external user. Stack traces can unintentionally reveal implementation details that are useful to an attacker for developing a subsequent exploit.","error","[[""Error information""|""relative:///java-sec-code-master/src/main/java/org/joychou/controller/SSRF.java:80:20:80:33""]] can be exposed to an external user.","/java-sec-code-master/src/main/java/org/joychou/controller/SSRF.java","80","20","80","33"
"Information exposure through a stack trace","Information from a stack trace propagates to an external user. Stack traces can unintentionally reveal implementation details that are useful to an attacker for developing a subsequent exploit.","error","[[""Error information""|""relative:///java-sec-code-master/src/main/java/org/joychou/util/HttpUtils.java:135:20:135:33""]] can be exposed to an external user.","/java-sec-code-master/src/main/java/org/joychou/controller/SSRF.java","89","16","89","47"
"Information exposure through a stack trace","Information from a stack trace propagates to an external user. Stack traces can unintentionally reveal implementation details that are useful to an attacker for developing a subsequent exploit.","error","[[""Error information""|""relative:///java-sec-code-master/src/main/java/org/joychou/util/HttpUtils.java:61:20:61:33""]] can be exposed to an external user.","/java-sec-code-master/src/main/java/org/joychou/controller/SSRF.java","101","20","101","41"
"Information exposure through a stack trace","Information from a stack trace propagates to an external user. Stack traces can unintentionally reveal implementation details that are useful to an attacker for developing a subsequent exploit.","error","[[""Error information""|""relative:///java-sec-code-master/src/main/java/org/joychou/controller/SSRF.java:103:20:103:33""]] can be exposed to an external user.","/java-sec-code-master/src/main/java/org/joychou/controller/SSRF.java","103","20","103","33"
"Information exposure through a stack trace","Information from a stack trace propagates to an external user. Stack traces can unintentionally reveal implementation details that are useful to an attacker for developing a subsequent exploit.","error","[[""Error information""|""relative:///java-sec-code-master/src/main/java/org/joychou/controller/SSRF.java:159:20:159:33""]] can be exposed to an external user.","/java-sec-code-master/src/main/java/org/joychou/controller/SSRF.java","159","20","159","33"
"Information exposure through a stack trace","Information from a stack trace propagates to an external user. Stack traces can unintentionally reveal implementation details that are useful to an attacker for developing a subsequent exploit.","error","[[""Error information""|""relative:///java-sec-code-master/src/main/java/org/joychou/controller/SSRF.java:175:20:175:33""]] can be exposed to an external user.","/java-sec-code-master/src/main/java/org/joychou/controller/SSRF.java","175","20","175","33"
"Information exposure through a stack trace","Information from a stack trace propagates to an external user. Stack traces can unintentionally reveal implementation details that are useful to an attacker for developing a subsequent exploit.","error","[[""Error information""|""relative:///java-sec-code-master/src/main/java/org/joychou/util/HttpUtils.java:87:20:87:33""]] can be exposed to an external user.","/java-sec-code-master/src/main/java/org/joychou/controller/SSRF.java","192","20","192","44"
"Information exposure through a stack trace","Information from a stack trace propagates to an external user. Stack traces can unintentionally reveal implementation details that are useful to an attacker for developing a subsequent exploit.","error","[[""Error information""|""relative:///java-sec-code-master/src/main/java/org/joychou/controller/SSRF.java:194:20:194:33""]] can be exposed to an external user.","/java-sec-code-master/src/main/java/org/joychou/controller/SSRF.java","194","20","194","33"
"Information exposure through a stack trace","Information from a stack trace propagates to an external user. Stack traces can unintentionally reveal implementation details that are useful to an attacker for developing a subsequent exploit.","error","[[""Error information""|""relative:///java-sec-code-master/src/main/java/org/joychou/util/HttpUtils.java:49:32:49:45""]] can be exposed to an external user.","/java-sec-code-master/src/main/java/org/joychou/controller/SSRF.java","212","20","212","50"
"Information exposure through a stack trace","Information from a stack trace propagates to an external user. Stack traces can unintentionally reveal implementation details that are useful to an attacker for developing a subsequent exploit.","error","[[""Error information""|""relative:///java-sec-code-master/src/main/java/org/joychou/controller/SSRF.java:214:20:214:33""]] can be exposed to an external user.","/java-sec-code-master/src/main/java/org/joychou/controller/SSRF.java","214","20","214","33"
"Information exposure through a stack trace","Information from a stack trace propagates to an external user. Stack traces can unintentionally reveal implementation details that are useful to an attacker for developing a subsequent exploit.","error","[[""Error information""|""relative:///java-sec-code-master/src/main/java/org/joychou/util/HttpUtils.java:154:20:154:33""]] can be exposed to an external user.","/java-sec-code-master/src/main/java/org/joychou/controller/SSRF.java","231","20","231","39"
"Information exposure through a stack trace","Information from a stack trace propagates to an external user. Stack traces can unintentionally reveal implementation details that are useful to an attacker for developing a subsequent exploit.","error","[[""Error information""|""relative:///java-sec-code-master/src/main/java/org/joychou/controller/SSRF.java:233:20:233:33""]] can be exposed to an external user.","/java-sec-code-master/src/main/java/org/joychou/controller/SSRF.java","233","20","233","33"
"Information exposure through a stack trace","Information from a stack trace propagates to an external user. Stack traces can unintentionally reveal implementation details that are useful to an attacker for developing a subsequent exploit.","error","[[""Error information""|""relative:///java-sec-code-master/src/main/java/org/joychou/controller/SSRF.java:252:20:252:33""]] can be exposed to an external user.","/java-sec-code-master/src/main/java/org/joychou/controller/SSRF.java","252","20","252","33"
"Information exposure through a stack trace","Information from a stack trace propagates to an external user. Stack traces can unintentionally reveal implementation details that are useful to an attacker for developing a subsequent exploit.","error","[[""Error information""|""relative:///java-sec-code-master/src/main/java/org/joychou/util/HttpUtils.java:214:20:214:33""]] can be exposed to an external user.","/java-sec-code-master/src/main/java/org/joychou/controller/SSRF.java","267","16","267","46"
"Deserialization of user-controlled data","Deserializing user-controlled data may allow attackers to execute arbitrary code.","error","Unsafe deserialization depends on a [[""user-provided value""|""relative:///java-sec-code-master/src/main/java/org/joychou/controller/Deserialize.java:45:29:45:45""]].","/java-sec-code-master/src/main/java/org/joychou/controller/Deserialize.java","50","9","50","23"
"Deserialization of user-controlled data","Deserializing user-controlled data may allow attackers to execute arbitrary code.","error","Unsafe deserialization depends on a [[""user-provided value""|""relative:///java-sec-code-master/src/main/java/org/joychou/controller/Deserialize.java:70:29:70:45""]].","/java-sec-code-master/src/main/java/org/joychou/controller/Deserialize.java","77","13","77","27"
"Deserialization of user-controlled data","Deserializing user-controlled data may allow attackers to execute arbitrary code.","error","Unsafe deserialization depends on a [[""user-provided value""|""relative:///java-sec-code-master/src/main/java/org/joychou/controller/Deserialize.java:89:25:89:38""]].","/java-sec-code-master/src/main/java/org/joychou/controller/Deserialize.java","93","26","93","64"
"Deserialization of user-controlled data","Deserializing user-controlled data may allow attackers to execute arbitrary code.","error","Unsafe deserialization depends on a [[""user-provided value""|""relative:///java-sec-code-master/src/main/java/org/joychou/controller/Fastjson.java:19:31:19:56""]].","/java-sec-code-master/src/main/java/org/joychou/controller/Fastjson.java","23","29","23","52"
"Deserialization of user-controlled data","Deserializing user-controlled data may allow attackers to execute arbitrary code.","error","Unsafe deserialization depends on a [[""user-provided value""|""relative:///java-sec-code-master/src/main/java/org/joychou/controller/Rce.java:111:22:111:35""]].","/java-sec-code-master/src/main/java/org/joychou/controller/Rce.java","113","9","113","23"
"Deserialization of user-controlled data","Deserializing user-controlled data may allow attackers to execute arbitrary code.","error","Unsafe deserialization depends on a [[""user-provided value""|""relative:///java-sec-code-master/src/main/java/org/joychou/util/WebUtils.java:14:26:14:49""]].","/java-sec-code-master/src/main/java/org/joychou/controller/XStreamRce.java","29","9","29","28"
"URL forward from a remote source","URL forward based on unvalidated user input may cause file information disclosure.","error","Untrusted URL forward depends on a [[""user-provided value""|""relative:///java-sec-code-master/src/main/java/org/joychou/controller/URLRedirect.java:67:22:67:48""]].","/java-sec-code-master/src/main/java/org/joychou/controller/URLRedirect.java","68","61","68","63"
"URL redirection from remote source","URL redirection based on unvalidated user-input may cause redirection to malicious web sites.","error","Untrusted URL redirection depends on a [[""user-provided value""|""relative:///java-sec-code-master/src/main/java/org/joychou/controller/URLRedirect.java:43:22:43:48""]].","/java-sec-code-master/src/main/java/org/joychou/controller/URLRedirect.java","45","40","45","42"
"URL redirection from remote source","URL redirection based on unvalidated user-input may cause redirection to malicious web sites.","error","Untrusted URL redirection depends on a [[""user-provided value""|""relative:///java-sec-code-master/src/main/java/org/joychou/controller/URLRedirect.java:55:22:55:48""]].","/java-sec-code-master/src/main/java/org/joychou/controller/URLRedirect.java","56","31","56","33"
"URL redirection from remote source","URL redirection based on unvalidated user-input may cause redirection to malicious web sites.","error","Untrusted URL redirection depends on a [[""user-provided value""|""relative:///java-sec-code-master/src/main/java/org/joychou/controller/URLRedirect.java:85:22:85:48""]].","/java-sec-code-master/src/main/java/org/joychou/controller/URLRedirect.java","91","31","91","33"
"URL redirection from remote source","URL redirection based on unvalidated user-input may cause redirection to malicious web sites.","error","Untrusted URL redirection depends on a [[""user-provided value""|""relative:///java-sec-code-master/src/main/java/org/joychou/controller/URLWhiteList.java:99:28:99:37""]].","/java-sec-code-master/src/main/java/org/joychou/controller/URLWhiteList.java","114","34","114","36"
"Resolving XML external entity in user-controlled data","Parsing user-controlled XML documents and allowing expansion of external entity references may lead to disclosure of confidential data or denial of service.","error","XML parsing depends on a [[""user-provided value""|""relative:///java-sec-code-master/src/main/java/org/joychou/util/WebUtils.java:14:26:14:49""]] without guarding against external entity expansion.","/java-sec-code-master/src/main/java/org/joychou/controller/XXE.java","54","29","54","67"
"Resolving XML external entity in user-controlled data","Parsing user-controlled XML documents and allowing expansion of external entity references may lead to disclosure of confidential data or denial of service.","error","XML parsing depends on a [[""user-provided value""|""relative:///java-sec-code-master/src/main/java/org/joychou/util/WebUtils.java:14:26:14:49""]] without guarding against external entity expansion.","/java-sec-code-master/src/main/java/org/joychou/controller/XXE.java","94","27","94","65"
"Resolving XML external entity in user-controlled data","Parsing user-controlled XML documents and allowing expansion of external entity references may lead to disclosure of confidential data or denial of service.","error","XML parsing depends on a [[""user-provided value""|""relative:///java-sec-code-master/src/main/java/org/joychou/util/WebUtils.java:14:26:14:49""]] without guarding against external entity expansion.","/java-sec-code-master/src/main/java/org/joychou/controller/XXE.java","131","25","131","63"
"Resolving XML external entity in user-controlled data","Parsing user-controlled XML documents and allowing expansion of external entity references may lead to disclosure of confidential data or denial of service.","error","XML parsing depends on a [[""user-provided value""|""relative:///java-sec-code-master/src/main/java/org/joychou/util/WebUtils.java:14:26:14:49""]] without guarding against external entity expansion.","/java-sec-code-master/src/main/java/org/joychou/controller/XXE.java","168","26","168","64"
"Resolving XML external entity in user-controlled data","Parsing user-controlled XML documents and allowing expansion of external entity references may lead to disclosure of confidential data or denial of service.","error","XML parsing depends on a [[""user-provided value""|""relative:///java-sec-code-master/src/main/java/org/joychou/util/WebUtils.java:14:26:14:49""]] without guarding against external entity expansion.","/java-sec-code-master/src/main/java/org/joychou/controller/XXE.java","205","28","205","49"
"Resolving XML external entity in user-controlled data","Parsing user-controlled XML documents and allowing expansion of external entity references may lead to disclosure of confidential data or denial of service.","error","XML parsing depends on a [[""user-provided value""|""relative:///java-sec-code-master/src/main/java/org/joychou/controller/XXE.java:241:46:241:69""]] without guarding against external entity expansion.","/java-sec-code-master/src/main/java/org/joychou/controller/XXE.java","242","42","242","43"
"Resolving XML external entity in user-controlled data","Parsing user-controlled XML documents and allowing expansion of external entity references may lead to disclosure of confidential data or denial of service.","error","XML parsing depends on a [[""user-provided value""|""relative:///java-sec-code-master/src/main/java/org/joychou/util/WebUtils.java:14:26:14:49""]] without guarding against external entity expansion.","/java-sec-code-master/src/main/java/org/joychou/controller/XXE.java","298","42","298","43"
"Resolving XML external entity in user-controlled data","Parsing user-controlled XML documents and allowing expansion of external entity references may lead to disclosure of confidential data or denial of service.","error","XML parsing depends on a [[""user-provided value""|""relative:///java-sec-code-master/src/main/java/org/joychou/util/WebUtils.java:14:26:14:49""]] without guarding against external entity expansion.","/java-sec-code-master/src/main/java/org/joychou/controller/XXE.java","351","29","351","67"
"Failure to use secure cookies","Insecure cookies may be sent in cleartext, which makes them vulnerable to interception.","error","Cookie is added to response without the 'secure' flag being set.","/java-sec-code-master/src/main/java/org/joychou/controller/CRLFInjection.java","27","9","27","34"
"Failure to use secure cookies","Insecure cookies may be sent in cleartext, which makes them vulnerable to interception.","error","Cookie is added to response without the 'secure' flag being set.","/java-sec-code-master/src/main/java/org/joychou/controller/Login.java","42","13","42","38"
"Failure to use secure cookies","Insecure cookies may be sent in cleartext, which makes them vulnerable to interception.","error","Cookie is added to response without the 'secure' flag being set.","/java-sec-code-master/src/main/java/org/joychou/controller/XSS.java","44","9","44","34"
"Failure to use secure cookies","Insecure cookies may be sent in cleartext, which makes them vulnerable to interception.","error","Cookie is added to response without the 'secure' flag being set.","/java-sec-code-master/src/main/java/org/joychou/util/CookieUtils.java","17","13","17","33"
"Failure to use secure cookies","Insecure cookies may be sent in cleartext, which makes them vulnerable to interception.","error","Cookie is added to response without the 'secure' flag being set.","/java-sec-code-master/src/main/java/org/joychou/util/CookieUtils.java","30","13","30","33"
"Server-side request forgery","Making web requests based on unvalidated user-input may cause the server to communicate with malicious servers.","error","Potential server-side request forgery due to a [[""user-provided value""|""relative:///java-sec-code-master/src/main/java/org/joychou/controller/Jdbc.java:21:28:21:47""]].","/java-sec-code-master/src/main/java/org/joychou/controller/Jdbc.java","25","37","25","43"
"Server-side request forgery","Making web requests based on unvalidated user-input may cause the server to communicate with malicious servers.","error","Potential server-side request forgery due to a [[""user-provided value""|""relative:///java-sec-code-master/src/main/java/org/joychou/controller/Jdbc.java:29:21:29:40""]].","/java-sec-code-master/src/main/java/org/joychou/controller/Jdbc.java","34","37","34","43"
"Server-side request forgery","Making web requests based on unvalidated user-input may cause the server to communicate with malicious servers.","error","Potential server-side request forgery due to a [[""user-provided value""|""relative:///java-sec-code-master/src/main/java/org/joychou/controller/SSRF.java:119:28:119:51""]].","/java-sec-code-master/src/main/java/org/joychou/controller/SSRF.java","130","27","130","27"
"Server-side request forgery","Making web requests based on unvalidated user-input may cause the server to communicate with malicious servers.","error","Potential server-side request forgery due to a [[""user-provided value""|""relative:///java-sec-code-master/src/main/java/org/joychou/controller/SSRF.java:286:35:286:44""]].","/java-sec-code-master/src/main/java/org/joychou/impl/HttpServiceImpl.java","30","59","30","61"
"Server-side request forgery","Making web requests based on unvalidated user-input may cause the server to communicate with malicious servers.","error","Potential server-side request forgery due to a [[""user-provided value""|""relative:///java-sec-code-master/src/main/java/org/joychou/controller/SSRF.java:278:47:278:56""]].","/java-sec-code-master/src/main/java/org/joychou/impl/HttpServiceImpl.java","41","71","41","73"
"Server-side request forgery","Making web requests based on unvalidated user-input may cause the server to communicate with malicious servers.","error","Potential server-side request forgery due to a [[""user-provided value""|""relative:///java-sec-code-master/src/main/java/org/joychou/controller/SSRF.java:98:27:98:50""]].","/java-sec-code-master/src/main/java/org/joychou/util/HttpUtils.java","59","32","59","34"
"Server-side request forgery","Making web requests based on unvalidated user-input may cause the server to communicate with malicious servers.","error","Potential server-side request forgery due to a [[""user-provided value""|""relative:///java-sec-code-master/src/main/java/org/joychou/controller/SSRF.java:188:30:188:53""]].","/java-sec-code-master/src/main/java/org/joychou/util/HttpUtils.java","73","43","73","45"
"Server-side request forgery","Making web requests based on unvalidated user-input may cause the server to communicate with malicious servers.","error","Potential server-side request forgery due to a [[""user-provided value""|""relative:///java-sec-code-master/src/main/java/org/joychou/controller/SSRF.java:45:37:45:46""]].
Potential server-side request forgery due to a [[""user-provided value""|""relative:///java-sec-code-master/src/main/java/org/joychou/controller/SSRF.java:51:36:51:45""]].","/java-sec-code-master/src/main/java/org/joychou/util/HttpUtils.java","95","43","95","43"
"Server-side request forgery","Making web requests based on unvalidated user-input may cause the server to communicate with malicious servers.","error","Potential server-side request forgery due to a [[""user-provided value""|""relative:///java-sec-code-master/src/main/java/org/joychou/controller/SSRF.java:75:37:75:60""]].
Potential server-side request forgery due to a [[""user-provided value""|""relative:///java-sec-code-master/src/main/java/org/joychou/controller/SSRF.java:88:41:88:64""]].","/java-sec-code-master/src/main/java/org/joychou/util/HttpUtils.java","119","43","119","43"
"Server-side request forgery","Making web requests based on unvalidated user-input may cause the server to communicate with malicious servers.","error","Potential server-side request forgery due to a [[""user-provided value""|""relative:///java-sec-code-master/src/main/java/org/joychou/controller/SSRF.java:247:27:247:36""]].","/java-sec-code-master/src/main/java/org/joychou/util/HttpUtils.java","198","33","198","47"
"Server-side request forgery","Making web requests based on unvalidated user-input may cause the server to communicate with malicious servers.","error","Potential server-side request forgery due to a [[""user-provided value""|""relative:///java-sec-code-master/src/main/java/org/joychou/controller/SSRF.java:266:35:266:65""]].","/java-sec-code-master/src/main/java/org/joychou/util/HttpUtils.java","209","49","209","51"
